Brand,CarPart,LaborCostMinorRepair,LaborCostMajorRepair,CostNewComponent,LaborCostComponentReplacement
Audi,Suspension Components,$88,$198,$1502,$132
Audi,Brake Lines,$136,$380,$260,$283
Tesla,Brake Lines,$105,$311,$1440,$230
BMW,Doors,$71,$202,$947,$216
VW,Transmission,$74,$235,$1591,$198
VW,Airbags,$148,$190,$283,$237
Tesla,Doors,$57,$383,$731,$256
Tesla,Airbags,$58,$252,$474,$169
VW,Radiator,$74,$300,$1165,$116
BMW,Dashboard,$139,$357,$1320,$283
BMW,Airbags,$89,$380,$1035,$160
Audi,Dashboard,$84,$306,$728,$256
Mercedes,Transmission,$120,$361,$1153,$215
Audi,Battery,$147,$301,$1141,$239
VW,Steering Wheel,$70,$311,$1066,$209
Tesla,Battery,$53,$170,$208,$204
Mercedes,Transmission,$97,$329,$1249,$116
Mercedes,Battery,$145,$192,$319,$256
Audi,Suspension Components,$101,$348,$482,$289
BMW,Airbags,$138,$165,$831,$295
Mercedes,Airbags,$115,$276,$501,$108
BMW,Brake Lines,$63,$246,$531,$102
BMW,Suspension Components,$99,$256,$584,$261
Mercedes,Brake Lines,$129,$151,$1521,$167
Audi,ECU,$123,$285,$931,$273
Mercedes,Dashboard,$119,$334,$770,$243
BMW,Doors,$142,$215,$1044,$296
Audi,Brake Lines,$73,$334,$1891,$257
VW,Doors,$134,$232,$1633,$271
Mercedes,Suspension Components,$142,$342,$1066,$208
Mercedes,Airbags,$82,$251,$1658,$272
BMW,ECU,$52,$219,$1170,$170
VW,Battery,$113,$196,$1172,$292
BMW,Transmission,$110,$293,$1609,$265
Mercedes,Airbags,$78,$325,$1588,$123
VW,ECU,$75,$368,$290,$144
VW,Radiator,$70,$384,$786,$182
Mercedes,Dashboard,$130,$276,$1531,$158
VW,ECU,$135,$317,$575,$182
Audi,Brake Lines,$136,$380,$260,$283
Mercedes,Suspension Components,$134,$150,$755,$279
BMW,Brake Lines,$129,$349,$559,$206
Audi,Dashboard,$124,$333,$1266,$249
Mercedes,ECU,$64,$162,$886,$188
Audi,Suspension Components,$81,$280,$1540,$100
Audi,Transmission,$70,$154,$515,$156
Mercedes,Airbags,$66,$312,$1313,$300
BMW,Brake Lines,$51,$341,$530,$115
Mercedes,Suspension Components,$109,$205,$578,$200
BMW,Steering Wheel,$73,$261,$491,$230
Audi,Battery,$117,$167,$1283,$107
Tesla,Radiator,$150,$164,$438,$274
BMW,Doors,$75,$186,$408,$297
VW,Brake Lines,$142,$216,$1469,$298
VW,Airbags,$85,$213,$492,$199
Tesla,Battery,$100,$358,$435,$246
BMW,Suspension Components,$88,$346,$1141,$173
Mercedes,Steering Wheel,$70,$310,$702,$120
VW,Battery,$129,$367,$1690,$222
VW,Steering Wheel,$91,$387,$1446,$210
Audi,Dashboard,$65,$388,$1213,$197
Mercedes,Radiator,$83,$275,$894,$156
Tesla,Suspension Components,$122,$343,$1968,$259
BMW,Steering Wheel,$145,$223,$644,$183
BMW,ECU,$88,$201,$750,$105
Tesla,Doors,$143,$225,$1003,$134
BMW,Airbags,$50,$351,$427,$254
VW,Brake Lines,$105,$315,$1014,$276
Tesla,ECU,$149,$376,$334,$168
Audi,Doors,$141,$205,$230,$187
BMW,Radiator,$102,$240,$695,$131
Tesla,Doors,$144,$292,$340,$217
Audi,Steering Wheel,$134,$388,$1019,$177
Mercedes,Steering Wheel,$116,$251,$822,$176
Audi,Brake Lines,$52,$328,$842,$129
Mercedes,Airbags,$107,$328,$604,$252
Tesla,ECU,$127,$220,$1425,$279
Audi,Steering Wheel,$73,$331,$805,$177
Mercedes,Brake Lines,$136,$367,$1765,$295
BMW,Steering Wheel,$102,$300,$1276,$206
Audi,Brake Lines,$148,$235,$1227,$105
Audi,ECU,$100,$195,$321,$130
Mercedes,Suspension Components,$119,$155,$1287,$251
Mercedes,Brake Lines,$129,$247,$1245,$196
Audi,Battery,$50,$316,$1302,$152
Tesla,Suspension Components,$149,$209,$738,$184
Tesla,Battery,$129,$192,$1962,$163
BMW,Transmission,$63,$323,$1038,$219
Mercedes,Airbags,$100,$203,$532,$268
Mercedes,Airbags,$134,$400,$921,$231
Tesla,Battery,$129,$192,$1962,$163
BMW,Doors,$54,$282,$1909,$229
Audi,Transmission,$92,$214,$1068,$269
Tesla,Suspension Components,$105,$165,$1239,$153
Mercedes,Transmission,$98,$254,$1282,$265
BMW,Suspension Components,$84,$327,$982,$253
Mercedes,Airbags,$79,$268,$1177,$118
Audi,Transmission,$62,$233,$1620,$286
Mercedes,Battery,$109,$400,$1724,$123
Mercedes,Dashboard,$89,$282,$976,$186
VW,Radiator,$79,$238,$1514,$166
BMW,Brake Lines,$123,$199,$774,$185
Tesla,Brake Lines,$97,$379,$1612,$176
BMW,ECU,$71,$351,$1186,$295
Tesla,ECU,$94,$273,$1123,$128
Mercedes,Battery,$85,$341,$1708,$262
VW,Dashboard,$63,$200,$1797,$260
Mercedes,Brake Lines,$113,$159,$1628,$115
Mercedes,ECU,$146,$296,$1403,$130
VW,Battery,$142,$204,$513,$287
VW,Dashboard,$74,$317,$504,$132
Mercedes,Doors,$127,$269,$1314,$126
Audi,Battery,$92,$266,$870,$185
Mercedes,Suspension Components,$96,$177,$1585,$233
Mercedes,Steering Wheel,$93,$176,$1204,$285
Tesla,Dashboard,$85,$257,$726,$144
Tesla,ECU,$100,$229,$795,$256
Mercedes,Brake Lines,$69,$163,$1148,$215
VW,Battery,$136,$312,$359,$262
VW,Radiator,$59,$373,$1339,$235
Audi,Brake Lines,$90,$292,$1161,$175
Audi,Airbags,$146,$175,$1678,$147
BMW,Radiator,$83,$160,$1416,$242
Tesla,ECU,$142,$209,$395,$206
Tesla,Suspension Components,$144,$344,$1101,$199
BMW,Steering Wheel,$139,$398,$1631,$196
Audi,Radiator,$138,$351,$1260,$278
BMW,Radiator,$51,$308,$1188,$123
Audi,Brake Lines,$65,$375,$1183,$143
Tesla,Dashboard,$63,$247,$1465,$263
VW,Dashboard,$77,$151,$497,$238
Audi,Airbags,$146,$175,$1678,$147
VW,Steering Wheel,$146,$243,$1977,$113
Audi,Transmission,$59,$285,$1200,$174
BMW,Airbags,$67,$206,$1811,$149
Audi,Radiator,$98,$234,$1406,$250
Tesla,Transmission,$138,$180,$1138,$251
VW,Doors,$122,$375,$1255,$227
Audi,Radiator,$116,$230,$623,$164
BMW,Transmission,$93,$289,$211,$264
Audi,Airbags,$54,$325,$1228,$189
Mercedes,Doors,$64,$399,$1465,$146
VW,Steering Wheel,$50,$269,$1401,$272
Audi,ECU,$63,$349,$422,$126
VW,Battery,$139,$246,$621,$295
Mercedes,Airbags,$64,$338,$1280,$177
Mercedes,Dashboard,$105,$305,$299,$276
Audi,Brake Lines,$117,$307,$1203,$267
Audi,Brake Lines,$110,$236,$641,$233
Audi,Transmission,$68,$305,$540,$263
Mercedes,Dashboard,$118,$343,$1872,$227
VW,Transmission,$97,$238,$984,$237
Tesla,Airbags,$68,$197,$1883,$168
Tesla,Brake Lines,$85,$167,$441,$113
VW,Brake Lines,$58,$278,$364,$294
Tesla,Steering Wheel,$123,$255,$258,$243
BMW,Brake Lines,$50,$372,$467,$259
Tesla,Airbags,$95,$192,$1821,$137
Tesla,Steering Wheel,$101,$175,$915,$204
Audi,Doors,$148,$370,$1451,$227
Audi,Suspension Components,$59,$270,$732,$141
Mercedes,Airbags,$71,$296,$354,$106
Mercedes,Dashboard,$91,$387,$696,$180
Tesla,Transmission,$76,$269,$1733,$190
VW,Radiator,$148,$154,$1491,$286
VW,Transmission,$123,$349,$214,$102
Mercedes,Transmission,$74,$220,$1252,$100
VW,Doors,$79,$204,$1216,$175
Tesla,Suspension Components,$122,$343,$1968,$259
VW,Battery,$62,$162,$740,$105
Tesla,Brake Lines,$70,$154,$415,$259
Audi,Dashboard,$76,$233,$1547,$171
Audi,Suspension Components,$103,$383,$990,$295
Tesla,Radiator,$70,$232,$997,$189
Audi,Suspension Components,$101,$333,$1978,$187
Audi,Transmission,$120,$270,$1975,$146
Audi,Brake Lines,$65,$213,$819,$104
BMW,ECU,$142,$154,$1848,$135
Tesla,Dashboard,$121,$155,$1527,$133
VW,Transmission,$54,$337,$1513,$175
Tesla,Transmission,$91,$281,$202,$264
BMW,ECU,$89,$267,$602,$209
Mercedes,Suspension Components,$88,$370,$1116,$145
VW,Steering Wheel,$52,$204,$748,$292
VW,Doors,$117,$334,$1547,$130
VW,Battery,$140,$248,$423,$142
Tesla,Airbags,$86,$328,$753,$194
BMW,Dashboard,$147,$235,$907,$219
Audi,Battery,$78,$315,$530,$269
Mercedes,Transmission,$93,$259,$1998,$203
Audi,ECU,$129,$281,$642,$194
Tesla,ECU,$122,$264,$815,$244
Audi,Doors,$128,$162,$929,$208
BMW,Suspension Components,$74,$378,$1362,$198
Mercedes,Airbags,$108,$387,$1509,$229
Tesla,Doors,$105,$322,$584,$236
Tesla,Airbags,$150,$224,$1365,$196
Audi,Suspension Components,$95,$276,$1827,$132
Audi,ECU,$102,$262,$1421,$107
BMW,Suspension Components,$81,$188,$1109,$280
BMW,Doors,$127,$317,$496,$271
BMW,Airbags,$62,$317,$973,$277
VW,Suspension Components,$150,$249,$638,$104
Tesla,Suspension Components,$100,$236,$1570,$175
Mercedes,ECU,$134,$239,$1042,$147
Audi,Doors,$78,$292,$691,$173
VW,Transmission,$141,$210,$1663,$251
Audi,Airbags,$132,$272,$1335,$160
Audi,Radiator,$56,$199,$678,$120
VW,ECU,$80,$309,$1034,$274
VW,Transmission,$51,$333,$1728,$204
Audi,Dashboard,$122,$184,$1144,$249
VW,Transmission,$109,$342,$1585,$216
VW,Transmission,$122,$208,$1107,$159
Tesla,Suspension Components,$59,$327,$1022,$199
Mercedes,Steering Wheel,$64,$267,$777,$270
Tesla,Transmission,$61,$201,$1913,$137
Audi,ECU,$70,$384,$1225,$252
Audi,Radiator,$143,$316,$502,$173
VW,Brake Lines,$124,$324,$1171,$167
BMW,Suspension Components,$83,$243,$1500,$135
Tesla,Dashboard,$128,$395,$1652,$265
BMW,Dashboard,$126,$291,$1529,$247
Tesla,Transmission,$71,$337,$1870,$201
Mercedes,Airbags,$55,$352,$1038,$150
VW,Battery,$101,$332,$1111,$294
VW,ECU,$130,$168,$1042,$146
Tesla,Battery,$65,$323,$453,$168
BMW,Radiator,$79,$257,$1495,$234
Audi,Doors,$92,$214,$1246,$277
Tesla,Radiator,$110,$385,$1313,$121
Audi,Dashboard,$69,$316,$472,$251
BMW,Dashboard,$146,$255,$1611,$157
Tesla,ECU,$127,$220,$1425,$279
Audi,Steering Wheel,$80,$283,$1587,$207
Audi,Airbags,$54,$396,$1102,$200
Audi,Transmission,$76,$392,$929,$118
BMW,Brake Lines,$150,$260,$1908,$164
Audi,Suspension Components,$147,$165,$693,$263
Mercedes,Airbags,$67,$280,$1993,$230
Audi,Doors,$78,$391,$1445,$181
VW,Airbags,$75,$375,$1802,$201
VW,Airbags,$127,$359,$1207,$184
Audi,Suspension Components,$89,$156,$1883,$241
VW,Radiator,$92,$358,$911,$113
Audi,Brake Lines,$65,$375,$1183,$143
Tesla,Transmission,$76,$269,$1733,$190
VW,Radiator,$102,$386,$1128,$110
BMW,Dashboard,$104,$331,$1756,$103
VW,Doors,$100,$342,$266,$132
Audi,Radiator,$79,$334,$1725,$296
Mercedes,Radiator,$64,$303,$618,$162
VW,ECU,$114,$346,$1902,$252
Audi,Brake Lines,$102,$200,$538,$101
BMW,Dashboard,$62,$367,$585,$249
VW,Airbags,$149,$170,$552,$185
Audi,Radiator,$111,$166,$776,$196
Mercedes,Steering Wheel,$103,$395,$1990,$145
Audi,Brake Lines,$73,$334,$1891,$257
Tesla,Airbags,$150,$224,$1365,$196
Tesla,Airbags,$110,$375,$873,$197
Tesla,Dashboard,$139,$227,$1777,$101
Audi,ECU,$102,$262,$1421,$107
Audi,Airbags,$79,$218,$1680,$156
BMW,Steering Wheel,$124,$236,$1346,$240
BMW,ECU,$78,$229,$235,$170
VW,Radiator,$139,$219,$289,$275
BMW,Airbags,$71,$217,$408,$109
Audi,Transmission,$76,$357,$805,$213
BMW,Steering Wheel,$114,$314,$287,$109
Audi,Brake Lines,$135,$269,$1725,$215
BMW,Dashboard,$113,$176,$1603,$154
Tesla,Brake Lines,$54,$224,$1938,$226
BMW,Airbags,$126,$188,$1182,$118
BMW,Radiator,$67,$222,$245,$137
Tesla,Steering Wheel,$72,$384,$595,$237
BMW,Suspension Components,$119,$317,$904,$132
Tesla,Transmission,$52,$159,$866,$225
Mercedes,Dashboard,$58,$177,$311,$166
Mercedes,Airbags,$71,$296,$354,$106
Audi,Dashboard,$50,$208,$997,$243
Audi,ECU,$63,$349,$422,$126
Audi,ECU,$108,$344,$1858,$147
Tesla,Steering Wheel,$103,$220,$510,$218
Mercedes,Airbags,$100,$244,$932,$280
Mercedes,Airbags,$82,$251,$1658,$272
VW,Transmission,$83,$377,$443,$215
BMW,ECU,$104,$271,$1751,$291
Audi,Transmission,$107,$198,$238,$159
Tesla,Doors,$108,$270,$530,$255
Mercedes,Radiator,$128,$244,$1803,$276
Audi,Suspension Components,$109,$266,$1251,$157
Audi,Radiator,$141,$280,$533,$247
BMW,Radiator,$50,$338,$454,$296
Audi,Doors,$114,$342,$1438,$109
Tesla,Brake Lines,$82,$340,$939,$127
Audi,Brake Lines,$80,$371,$1067,$156
Audi,Dashboard,$63,$372,$1842,$220
Mercedes,Radiator,$108,$269,$1673,$178
Tesla,ECU,$118,$245,$1536,$276
Tesla,Transmission,$70,$181,$1022,$174
Audi,Battery,$71,$366,$777,$108
VW,Radiator,$60,$167,$1464,$219
VW,Doors,$84,$170,$743,$217
VW,Dashboard,$97,$305,$1116,$187
Tesla,Battery,$83,$270,$608,$211
Audi,Dashboard,$51,$286,$1273,$109
Mercedes,Radiator,$101,$220,$433,$253
Mercedes,Brake Lines,$69,$163,$1148,$215
Tesla,Dashboard,$133,$311,$1919,$141
VW,Steering Wheel,$82,$325,$1774,$251
VW,Suspension Components,$101,$305,$1422,$274
Audi,Dashboard,$113,$331,$1790,$290
Tesla,Transmission,$94,$200,$714,$217
Tesla,Doors,$130,$368,$415,$165
VW,Battery,$94,$293,$1302,$113
VW,Transmission,$122,$208,$1107,$159
Tesla,Airbags,$130,$261,$1153,$148
Audi,Airbags,$124,$198,$675,$228
Mercedes,Transmission,$60,$337,$726,$156
Tesla,Battery,$78,$288,$1106,$286
Tesla,Dashboard,$131,$219,$1342,$300
VW,Transmission,$109,$291,$1873,$274
BMW,Brake Lines,$138,$268,$592,$222
BMW,Transmission,$53,$274,$1655,$165
Mercedes,Suspension Components,$96,$177,$1585,$233
Tesla,Transmission,$116,$364,$517,$296
BMW,Airbags,$121,$229,$1778,$272
Mercedes,Doors,$83,$203,$1384,$134
Mercedes,Doors,$105,$363,$775,$231
Mercedes,Battery,$137,$322,$1263,$180
BMW,Doors,$70,$280,$1340,$185
BMW,Transmission,$86,$279,$716,$193
VW,Brake Lines,$65,$251,$484,$138
Audi,Airbags,$115,$236,$1014,$176
VW,Steering Wheel,$111,$190,$1122,$162
BMW,Steering Wheel,$64,$173,$326,$160
Tesla,Dashboard,$107,$294,$369,$298
BMW,Radiator,$117,$236,$1591,$205
VW,ECU,$59,$277,$274,$270
Mercedes,Airbags,$62,$201,$1492,$114
Mercedes,Radiator,$64,$303,$618,$162
BMW,Brake Lines,$50,$372,$467,$259
Audi,Airbags,$53,$263,$780,$216
Tesla,Dashboard,$62,$235,$834,$207
Tesla,Brake Lines,$53,$243,$1968,$143
Mercedes,Airbags,$78,$155,$1631,$240
Audi,Radiator,$132,$224,$1736,$284
BMW,Battery,$144,$218,$202,$121
VW,ECU,$150,$218,$1932,$150
VW,Transmission,$128,$399,$1256,$169
Mercedes,Steering Wheel,$106,$349,$274,$102
BMW,Transmission,$91,$230,$1466,$115
VW,Dashboard,$136,$220,$1698,$116
Audi,Transmission,$92,$214,$1068,$269
BMW,Brake Lines,$150,$281,$529,$167
VW,Brake Lines,$107,$247,$1010,$108
BMW,Suspension Components,$119,$317,$904,$132
BMW,Steering Wheel,$137,$315,$1945,$217
BMW,Steering Wheel,$137,$382,$1712,$192
Audi,Dashboard,$55,$249,$967,$183
VW,Airbags,$80,$150,$1743,$193
Mercedes,Doors,$58,$219,$1145,$224
Audi,Transmission,$61,$297,$1726,$108
BMW,Battery,$87,$400,$1559,$154
VW,Airbags,$106,$238,$1302,$245
VW,Transmission,$63,$282,$1042,$295
Audi,Radiator,$73,$342,$810,$238
Audi,Doors,$135,$254,$1449,$244
BMW,Battery,$112,$240,$1442,$133
VW,Transmission,$120,$364,$1970,$234
Mercedes,Brake Lines,$134,$326,$1924,$102
BMW,Brake Lines,$136,$267,$1683,$210
Mercedes,Dashboard,$141,$332,$270,$298
Mercedes,ECU,$62,$272,$1888,$248
BMW,Battery,$53,$289,$584,$195
Mercedes,Dashboard,$126,$175,$988,$161
Audi,Brake Lines,$52,$328,$842,$129
Audi,Dashboard,$58,$320,$1344,$110
BMW,Radiator,$148,$237,$262,$298
Tesla,Battery,$94,$367,$1343,$287
BMW,ECU,$64,$375,$1268,$173
Audi,Airbags,$113,$210,$845,$273
BMW,Airbags,$142,$400,$325,$216
Mercedes,Dashboard,$71,$348,$1252,$297
Mercedes,Steering Wheel,$96,$340,$1648,$198
Audi,Doors,$66,$189,$390,$147
Audi,Transmission,$82,$209,$604,$258
Tesla,Steering Wheel,$77,$300,$1012,$257
Audi,Steering Wheel,$131,$243,$1027,$145
Mercedes,Steering Wheel,$80,$151,$1590,$293
Mercedes,Radiator,$137,$204,$560,$201
Mercedes,Dashboard,$142,$279,$1306,$194
Tesla,Dashboard,$142,$175,$1823,$201
BMW,Suspension Components,$120,$205,$1728,$297
Audi,Battery,$84,$230,$654,$274
Tesla,ECU,$149,$376,$334,$168
Tesla,Dashboard,$51,$293,$281,$127
Audi,Battery,$94,$250,$1612,$220
Mercedes,Radiator,$142,$213,$723,$143
BMW,Brake Lines,$117,$250,$1766,$176
Tesla,Airbags,$50,$237,$1891,$267
Audi,Suspension Components,$114,$259,$926,$129
Mercedes,Suspension Components,$118,$163,$1755,$137
Mercedes,Dashboard,$136,$340,$869,$111
Tesla,ECU,$64,$372,$227,$272
Mercedes,Transmission,$101,$156,$748,$146
Audi,Airbags,$118,$389,$868,$229
Audi,Airbags,$76,$195,$1617,$161
Mercedes,Brake Lines,$85,$214,$953,$171
Mercedes,ECU,$53,$297,$1026,$278
Audi,Dashboard,$75,$285,$923,$118
Audi,Doors,$135,$254,$1449,$244
Tesla,Suspension Components,$115,$267,$366,$110
BMW,Steering Wheel,$119,$200,$424,$269
Tesla,Airbags,$50,$237,$1891,$267
VW,Brake Lines,$142,$265,$343,$184
BMW,Steering Wheel,$55,$258,$1742,$107
Tesla,Suspension Components,$134,$400,$371,$169
Tesla,Steering Wheel,$141,$277,$690,$220
VW,Battery,$75,$272,$541,$143
Mercedes,Transmission,$52,$370,$1720,$161
Mercedes,Airbags,$108,$387,$1509,$229
VW,Airbags,$80,$231,$251,$106
VW,Airbags,$54,$172,$333,$219
VW,Suspension Components,$76,$280,$1489,$180
BMW,Steering Wheel,$55,$258,$1742,$107
Audi,Suspension Components,$109,$266,$1251,$157
VW,Brake Lines,$52,$292,$848,$285
VW,Radiator,$114,$257,$1662,$163
BMW,Suspension Components,$64,$197,$575,$123
Tesla,Steering Wheel,$107,$313,$286,$258
Audi,Doors,$84,$355,$855,$290
Audi,Airbags,$126,$219,$874,$103
Tesla,Doors,$126,$253,$1530,$110
Mercedes,Airbags,$57,$376,$1468,$278
Mercedes,Transmission,$97,$287,$1750,$146
Audi,ECU,$84,$206,$1532,$151
VW,Radiator,$150,$273,$1520,$187
Mercedes,Radiator,$149,$340,$336,$157
Mercedes,Suspension Components,$103,$237,$795,$204
VW,Airbags,$51,$380,$1428,$173
Mercedes,Transmission,$85,$273,$1339,$218
Tesla,Suspension Components,$141,$273,$1376,$106
VW,ECU,$53,$248,$901,$127
Tesla,Brake Lines,$127,$388,$599,$225
VW,ECU,$123,$293,$853,$111
Audi,Brake Lines,$65,$375,$1183,$143
Mercedes,ECU,$132,$371,$567,$268
Audi,Brake Lines,$62,$395,$1363,$111
Mercedes,Radiator,$62,$181,$672,$223
Audi,ECU,$123,$266,$986,$185
BMW,Transmission,$143,$189,$1573,$128
Audi,Battery,$128,$250,$1739,$140
Audi,ECU,$53,$367,$1473,$243
VW,Dashboard,$138,$346,$1056,$190
Audi,Suspension Components,$95,$276,$1827,$132
Mercedes,Suspension Components,$87,$362,$201,$212
Audi,Brake Lines,$98,$386,$1774,$148
Tesla,Radiator,$119,$223,$213,$169
VW,Airbags,$68,$276,$1242,$109
Tesla,Transmission,$63,$327,$1032,$226
Tesla,Suspension Components,$132,$256,$1215,$257
Mercedes,Brake Lines,$97,$357,$1624,$196
Tesla,Airbags,$68,$197,$1883,$168
Tesla,Suspension Components,$144,$320,$1884,$123
BMW,Suspension Components,$95,$235,$1786,$120
Mercedes,Dashboard,$60,$307,$520,$141
Audi,Battery,$122,$304,$569,$282
Tesla,ECU,$116,$394,$1959,$216
VW,Brake Lines,$126,$294,$1804,$182
VW,Brake Lines,$55,$262,$485,$108
VW,Transmission,$118,$265,$1922,$178
VW,Suspension Components,$133,$204,$655,$151
VW,Brake Lines,$60,$302,$884,$179
BMW,Airbags,$99,$277,$640,$175
Tesla,Dashboard,$90,$346,$1028,$226
Tesla,Transmission,$106,$323,$916,$132
Tesla,Brake Lines,$97,$379,$1612,$176
VW,Radiator,$70,$330,$982,$120
Audi,Battery,$128,$250,$1739,$140
VW,Suspension Components,$79,$367,$744,$202
Mercedes,Steering Wheel,$89,$310,$739,$171
Mercedes,ECU,$72,$345,$1845,$261
BMW,Dashboard,$138,$182,$1376,$263
Audi,ECU,$62,$299,$746,$143
Audi,Suspension Components,$93,$256,$874,$300
Audi,Brake Lines,$65,$375,$1183,$143
Audi,Doors,$83,$333,$1630,$219
BMW,Suspension Components,$88,$300,$1500,$179
VW,Airbags,$127,$359,$1207,$184
Tesla,Suspension Components,$122,$373,$1463,$156
VW,Airbags,$114,$206,$1524,$251
BMW,Airbags,$98,$385,$407,$268
VW,Battery,$99,$398,$1009,$230
VW,Steering Wheel,$61,$277,$1526,$252
VW,ECU,$111,$253,$1423,$158
BMW,Suspension Components,$50,$259,$481,$249
VW,Radiator,$107,$294,$857,$132
BMW,Transmission,$112,$334,$950,$254
Audi,Transmission,$117,$249,$1991,$152
BMW,Transmission,$143,$281,$883,$171
Tesla,Doors,$148,$378,$1651,$115
VW,Radiator,$125,$202,$1662,$276
Audi,Suspension Components,$50,$152,$512,$177
BMW,Suspension Components,$111,$232,$1695,$218
Audi,ECU,$119,$371,$1923,$170
BMW,Suspension Components,$92,$314,$311,$228
BMW,Radiator,$120,$191,$1796,$260
Tesla,ECU,$112,$237,$964,$130
Mercedes,Steering Wheel,$96,$340,$1648,$198
Tesla,Doors,$146,$293,$1684,$134
VW,Brake Lines,$66,$373,$2000,$230
Audi,Brake Lines,$50,$206,$461,$299
VW,Transmission,$77,$221,$990,$102
Audi,Brake Lines,$102,$213,$444,$165
VW,Suspension Components,$121,$207,$1121,$192
Mercedes,Doors,$72,$188,$1629,$115
Tesla,Battery,$107,$296,$1508,$291
Tesla,Dashboard,$65,$383,$1475,$148
VW,Battery,$69,$189,$852,$105
Audi,Radiator,$86,$204,$437,$230
Tesla,Brake Lines,$114,$251,$1935,$257
BMW,Airbags,$113,$199,$809,$287
BMW,ECU,$61,$366,$1545,$144
Tesla,Dashboard,$121,$236,$1449,$284
VW,ECU,$149,$376,$1314,$203
Mercedes,Suspension Components,$136,$269,$227,$213
Tesla,Radiator,$129,$254,$1633,$253
BMW,Battery,$62,$302,$1007,$280
Tesla,Suspension Components,$97,$264,$579,$246
VW,Transmission,$69,$349,$1996,$207
BMW,Battery,$59,$206,$580,$281
Mercedes,Brake Lines,$141,$315,$321,$283
BMW,Airbags,$77,$188,$1422,$109
Audi,ECU,$70,$384,$1225,$252
Audi,Suspension Components,$78,$183,$699,$218
Audi,Suspension Components,$142,$312,$307,$106
VW,Steering Wheel,$52,$204,$748,$292
Tesla,Dashboard,$121,$261,$1182,$203
Mercedes,ECU,$131,$161,$1362,$214
Audi,Radiator,$78,$336,$896,$192
BMW,ECU,$119,$322,$714,$215
VW,Brake Lines,$93,$238,$1137,$214
BMW,ECU,$122,$255,$1859,$216
VW,Brake Lines,$62,$373,$1884,$252
VW,Steering Wheel,$109,$288,$545,$211
VW,Dashboard,$115,$345,$1740,$138
Tesla,Suspension Components,$143,$359,$1155,$169
Audi,Transmission,$137,$224,$416,$118
Mercedes,Dashboard,$99,$297,$1448,$120
Tesla,Transmission,$50,$151,$478,$193
BMW,Transmission,$147,$219,$1696,$259
Mercedes,Dashboard,$74,$184,$1843,$220
BMW,ECU,$81,$272,$1052,$280
Audi,ECU,$125,$297,$1826,$216
Tesla,Suspension Components,$119,$287,$257,$149
BMW,Brake Lines,$117,$316,$1859,$257
BMW,Brake Lines,$112,$201,$674,$222
VW,Airbags,$91,$352,$1183,$238
BMW,ECU,$82,$236,$1701,$249
VW,Steering Wheel,$111,$190,$1122,$162
VW,Dashboard,$69,$168,$506,$187
BMW,Brake Lines,$50,$338,$1495,$164
Tesla,Airbags,$61,$203,$1218,$163
VW,Airbags,$98,$295,$1850,$209
Audi,Brake Lines,$101,$279,$408,$190
Mercedes,Radiator,$75,$202,$1816,$228
VW,Brake Lines,$87,$210,$1250,$266
Audi,Brake Lines,$129,$363,$1693,$194
Audi,Airbags,$115,$236,$1014,$176
Audi,Dashboard,$132,$179,$1385,$266
Audi,Battery,$57,$384,$1032,$134
BMW,Brake Lines,$82,$156,$1063,$266
Tesla,Airbags,$91,$365,$981,$255
BMW,Doors,$126,$157,$730,$270
Mercedes,Dashboard,$148,$361,$455,$121
Audi,Brake Lines,$109,$223,$960,$148
Tesla,Radiator,$66,$273,$1627,$281
BMW,Transmission,$143,$189,$1573,$128
Tesla,Dashboard,$91,$179,$666,$293
Tesla,Steering Wheel,$140,$242,$697,$204
BMW,Doors,$101,$204,$376,$178
VW,Dashboard,$63,$216,$1588,$249
Mercedes,Suspension Components,$110,$364,$1072,$134
VW,Suspension Components,$55,$207,$367,$228
BMW,Brake Lines,$98,$199,$1163,$185
Mercedes,Battery,$51,$335,$1801,$258
Mercedes,Radiator,$83,$275,$894,$156
BMW,Transmission,$124,$168,$866,$240
VW,Radiator,$91,$249,$1374,$145
VW,Radiator,$50,$233,$578,$248
VW,Brake Lines,$136,$290,$1145,$141
Audi,Battery,$72,$349,$554,$276
VW,ECU,$116,$390,$1645,$186
Mercedes,Transmission,$72,$344,$522,$261
Mercedes,Steering Wheel,$109,$284,$440,$177
BMW,Radiator,$75,$275,$1653,$297
Audi,Suspension Components,$55,$327,$212,$289
Mercedes,Battery,$141,$377,$1668,$215
Mercedes,Battery,$143,$165,$665,$272
VW,Doors,$144,$342,$524,$197
VW,ECU,$111,$268,$244,$109
Mercedes,Dashboard,$93,$169,$815,$146
Audi,Dashboard,$86,$394,$689,$166
BMW,Suspension Components,$83,$200,$1274,$267
Tesla,Brake Lines,$110,$179,$1192,$138
BMW,Radiator,$85,$250,$1191,$258
Mercedes,Airbags,$53,$292,$1149,$140
Audi,Suspension Components,$84,$298,$1917,$192
BMW,Brake Lines,$91,$247,$862,$154
BMW,Steering Wheel,$132,$375,$1909,$239
Mercedes,Dashboard,$120,$256,$978,$281
BMW,Brake Lines,$131,$176,$1605,$160
VW,Airbags,$86,$240,$345,$206
Audi,Doors,$68,$228,$456,$149
VW,ECU,$103,$241,$605,$199
BMW,Dashboard,$133,$277,$268,$242
Audi,Transmission,$114,$346,$1978,$285
BMW,Steering Wheel,$143,$184,$1903,$202
Audi,Brake Lines,$119,$181,$1921,$130
BMW,Airbags,$132,$302,$909,$187
VW,Doors,$137,$178,$742,$200
Mercedes,ECU,$69,$212,$1955,$262
VW,Airbags,$114,$167,$880,$188
VW,Transmission,$121,$243,$1992,$161
VW,ECU,$90,$213,$1823,$261
BMW,Brake Lines,$138,$295,$1747,$272
Audi,Doors,$136,$311,$956,$140
Mercedes,Brake Lines,$73,$396,$1520,$108
Audi,Airbags,$117,$208,$662,$245
VW,Brake Lines,$140,$299,$1308,$222
Mercedes,Battery,$137,$273,$1855,$268
Mercedes,Steering Wheel,$71,$251,$1145,$219
VW,Transmission,$103,$381,$1181,$146
Audi,ECU,$139,$217,$1883,$212
VW,Dashboard,$83,$190,$1599,$285
Mercedes,ECU,$72,$345,$1845,$261
BMW,Brake Lines,$63,$246,$531,$102
Audi,Battery,$105,$241,$1372,$199
Audi,Battery,$139,$262,$582,$102
BMW,Suspension Components,$114,$282,$440,$300
Audi,Steering Wheel,$138,$160,$238,$137
VW,Dashboard,$95,$383,$474,$283
BMW,Brake Lines,$68,$342,$484,$241
BMW,Steering Wheel,$110,$264,$619,$136
VW,Battery,$129,$367,$1690,$222
Tesla,Brake Lines,$73,$299,$1828,$300
BMW,Dashboard,$129,$187,$1233,$139
Tesla,Dashboard,$79,$365,$323,$131
VW,Dashboard,$138,$346,$1056,$190
Audi,Transmission,$145,$282,$799,$152
Audi,Battery,$72,$349,$554,$276
Audi,Radiator,$62,$365,$522,$296
BMW,Battery,$85,$376,$650,$182
Audi,Airbags,$111,$375,$1646,$299
Mercedes,Dashboard,$112,$176,$1159,$109
Mercedes,Doors,$73,$226,$1204,$266
BMW,Doors,$93,$227,$944,$110
VW,Transmission,$140,$223,$1208,$284
BMW,Dashboard,$108,$371,$971,$245
VW,Suspension Components,$121,$303,$626,$229
VW,Brake Lines,$117,$221,$1328,$133
Audi,Brake Lines,$123,$185,$202,$293
VW,Doors,$59,$166,$1737,$173
Audi,Steering Wheel,$129,$368,$355,$239
Mercedes,Suspension Components,$125,$289,$1886,$204
Mercedes,Airbags,$74,$302,$1458,$217
BMW,Radiator,$64,$316,$1039,$265
Tesla,Doors,$85,$182,$1162,$140
Mercedes,Brake Lines,$67,$237,$1781,$199
Mercedes,Radiator,$123,$207,$1459,$271
Mercedes,Airbags,$87,$252,$1115,$247
Tesla,Doors,$113,$356,$1875,$284
BMW,Suspension Components,$143,$250,$1508,$100
Audi,Transmission,$147,$257,$337,$244
Tesla,Airbags,$52,$208,$1190,$184
BMW,Battery,$96,$335,$522,$262
BMW,Doors,$53,$329,$1103,$104
VW,ECU,$97,$218,$414,$146
Tesla,Steering Wheel,$145,$234,$460,$160
Audi,Doors,$141,$268,$1461,$118
VW,Steering Wheel,$91,$378,$465,$160
Mercedes,Transmission,$103,$186,$329,$114
Tesla,Airbags,$86,$328,$753,$194
Mercedes,Battery,$142,$222,$944,$213
VW,Dashboard,$51,$153,$313,$126
Tesla,Airbags,$116,$337,$1586,$255
Mercedes,Battery,$119,$363,$588,$187
VW,Suspension Components,$94,$321,$1124,$242
Tesla,Dashboard,$58,$339,$1439,$288
BMW,Radiator,$109,$184,$1333,$132
VW,Transmission,$126,$318,$1221,$233
Tesla,ECU,$80,$397,$1164,$270
BMW,ECU,$81,$272,$1052,$280
Tesla,Transmission,$50,$370,$487,$288
Audi,Radiator,$92,$297,$876,$265
Mercedes,Dashboard,$107,$398,$1667,$212
BMW,Transmission,$118,$364,$823,$134
BMW,Battery,$143,$194,$598,$276
Audi,Brake Lines,$97,$235,$1019,$133
VW,Transmission,$79,$328,$1913,$247
Mercedes,Dashboard,$134,$369,$1589,$134
BMW,ECU,$138,$170,$953,$235
VW,Brake Lines,$126,$294,$1804,$182
BMW,Transmission,$72,$268,$1619,$165
Tesla,Brake Lines,$51,$191,$1349,$221
BMW,Radiator,$67,$222,$245,$137
BMW,Transmission,$54,$331,$1714,$192
Audi,Doors,$100,$368,$1459,$190
Tesla,Airbags,$91,$254,$1905,$187
BMW,Dashboard,$112,$167,$276,$219
BMW,Dashboard,$85,$175,$1155,$258
Audi,Doors,$61,$242,$1312,$205
Tesla,Radiator,$138,$356,$1029,$226
Audi,Steering Wheel,$75,$224,$247,$270
Audi,Radiator,$88,$280,$1013,$224
Mercedes,Doors,$55,$340,$1765,$174
Audi,Battery,$110,$390,$1196,$174
Tesla,Battery,$100,$358,$435,$246
Audi,Doors,$140,$346,$276,$150
Tesla,Battery,$120,$284,$428,$121
Mercedes,Transmission,$76,$334,$1595,$211
Tesla,Battery,$136,$337,$563,$291
VW,Brake Lines,$125,$183,$995,$277
Audi,Dashboard,$61,$298,$1959,$180
Tesla,Airbags,$126,$237,$807,$290
VW,ECU,$146,$377,$325,$159
Audi,Airbags,$97,$275,$624,$265
Mercedes,Steering Wheel,$64,$267,$777,$270
Audi,Steering Wheel,$91,$242,$1086,$273
Tesla,ECU,$75,$191,$1007,$110
VW,Battery,$123,$152,$1083,$254
Tesla,Dashboard,$50,$182,$1140,$212
BMW,Brake Lines,$129,$349,$559,$206
Audi,Steering Wheel,$130,$321,$617,$278
BMW,Battery,$101,$252,$1123,$197
Audi,ECU,$104,$338,$1250,$103
VW,Airbags,$90,$296,$1090,$151
Tesla,Radiator,$85,$184,$1181,$274
Mercedes,Battery,$105,$372,$1326,$228
BMW,Radiator,$94,$196,$974,$191
Mercedes,Brake Lines,$136,$367,$1765,$295
Tesla,Airbags,$61,$203,$1218,$163
Audi,Transmission,$87,$226,$566,$121
Tesla,Airbags,$146,$263,$958,$284
BMW,Brake Lines,$75,$375,$1272,$141
BMW,Steering Wheel,$102,$217,$1967,$222
Tesla,Steering Wheel,$145,$234,$460,$160
Mercedes,Dashboard,$130,$392,$916,$254
VW,Suspension Components,$136,$333,$823,$199
Mercedes,Dashboard,$126,$175,$988,$161
Audi,Transmission,$62,$233,$1620,$286
Audi,Doors,$136,$372,$1741,$127
Mercedes,Brake Lines,$130,$321,$561,$128
Tesla,Dashboard,$111,$301,$1554,$138
VW,Suspension Components,$66,$328,$390,$102
BMW,Suspension Components,$85,$343,$1284,$102
Tesla,Battery,$71,$241,$1864,$238
Audi,Battery,$131,$386,$998,$243
VW,Battery,$89,$206,$1063,$250
BMW,Brake Lines,$119,$274,$1154,$268
Tesla,Radiator,$61,$333,$1204,$197
Mercedes,ECU,$138,$155,$446,$208
Audi,Dashboard,$88,$316,$1510,$128
VW,Dashboard,$119,$385,$991,$121
Audi,Steering Wheel,$108,$327,$826,$160
Tesla,Steering Wheel,$141,$192,$784,$116
Audi,Steering Wheel,$91,$242,$1086,$273
BMW,Steering Wheel,$92,$255,$1773,$213
Mercedes,Battery,$116,$268,$1471,$240
VW,Airbags,$90,$296,$1090,$151
Mercedes,Brake Lines,$51,$166,$812,$212
Mercedes,Airbags,$79,$345,$1255,$216
BMW,Dashboard,$92,$216,$1919,$285
Audi,ECU,$91,$345,$1156,$242
VW,Battery,$126,$188,$1786,$219
BMW,Transmission,$143,$189,$1573,$128
Audi,Brake Lines,$106,$167,$893,$256
Audi,Suspension Components,$90,$393,$1295,$136
BMW,Suspension Components,$70,$182,$720,$102
Tesla,Steering Wheel,$95,$348,$1138,$216
Mercedes,Suspension Components,$124,$169,$284,$123
Tesla,Transmission,$73,$282,$1139,$255
BMW,Battery,$109,$205,$1855,$266
Tesla,Radiator,$67,$241,$866,$200
VW,Dashboard,$72,$195,$1392,$286
VW,ECU,$124,$310,$945,$272
Mercedes,Transmission,$70,$247,$881,$192
BMW,Transmission,$62,$373,$1012,$213
Tesla,Battery,$99,$388,$786,$213
VW,Radiator,$110,$361,$1120,$197
Audi,Suspension Components,$89,$156,$1883,$241
Tesla,Transmission,$52,$159,$866,$225
Audi,Airbags,$111,$352,$613,$285
BMW,Radiator,$119,$378,$1846,$285
Tesla,ECU,$64,$372,$227,$272
Audi,ECU,$129,$280,$695,$299
Audi,Dashboard,$108,$328,$1348,$144
Tesla,Radiator,$51,$156,$1582,$252
VW,Dashboard,$71,$157,$286,$178
Mercedes,Airbags,$108,$387,$1509,$229
BMW,Airbags,$100,$394,$1521,$134
VW,Battery,$150,$169,$584,$129
Audi,Transmission,$101,$289,$525,$199
Mercedes,Battery,$52,$201,$1021,$291
Mercedes,ECU,$105,$386,$658,$109
BMW,Radiator,$66,$159,$781,$275
Mercedes,Brake Lines,$71,$320,$1550,$180
Mercedes,Suspension Components,$85,$194,$1816,$105
Mercedes,Brake Lines,$98,$201,$460,$277
BMW,Battery,$100,$179,$1512,$223
Mercedes,Steering Wheel,$60,$363,$1880,$175
Audi,Dashboard,$125,$364,$1833,$118
Tesla,Battery,$119,$174,$406,$134
VW,Airbags,$136,$349,$684,$262
VW,Transmission,$114,$163,$1756,$116
Mercedes,ECU,$69,$340,$645,$118
Tesla,Steering Wheel,$57,$222,$803,$265
VW,Radiator,$91,$156,$1941,$290
VW,Steering Wheel,$67,$300,$252,$187
VW,Transmission,$107,$245,$1794,$102
Audi,Radiator,$65,$283,$1492,$242
Audi,Brake Lines,$63,$248,$623,$271
Tesla,Suspension Components,$122,$343,$1968,$259
Audi,Battery,$66,$169,$638,$149
BMW,Doors,$113,$295,$471,$156
Mercedes,Brake Lines,$116,$388,$560,$212
VW,Doors,$63,$314,$1161,$249
BMW,Battery,$54,$358,$1911,$276
Audi,Dashboard,$107,$397,$1951,$269
Audi,Steering Wheel,$131,$265,$891,$244
BMW,ECU,$136,$325,$638,$142
Audi,Transmission,$146,$295,$1623,$218
Audi,Brake Lines,$55,$181,$1944,$222
VW,Steering Wheel,$115,$281,$1252,$178
Tesla,ECU,$140,$227,$1724,$253
Tesla,Battery,$93,$242,$1310,$222
VW,Brake Lines,$127,$341,$980,$299
Mercedes,Brake Lines,$104,$319,$906,$222
Tesla,Radiator,$125,$194,$1320,$166
VW,Dashboard,$89,$355,$1069,$258
Mercedes,Radiator,$107,$350,$1379,$111
Mercedes,Brake Lines,$137,$220,$458,$212
Audi,Suspension Components,$81,$159,$360,$227
Tesla,Steering Wheel,$70,$379,$925,$269
Tesla,Radiator,$133,$327,$500,$210
Audi,Dashboard,$69,$367,$515,$212
Tesla,Radiator,$112,$374,$1142,$268
Audi,Dashboard,$79,$190,$584,$260
VW,Steering Wheel,$115,$281,$1252,$178
Tesla,Doors,$109,$223,$807,$148
BMW,Battery,$105,$232,$1084,$171
Mercedes,ECU,$68,$221,$640,$131
VW,Steering Wheel,$117,$193,$1685,$125
Tesla,Suspension Components,$90,$398,$701,$106
Mercedes,Brake Lines,$145,$360,$1995,$233
VW,ECU,$63,$210,$462,$174
Mercedes,Radiator,$101,$219,$785,$167
BMW,Transmission,$106,$221,$1225,$113
Mercedes,Radiator,$113,$336,$1034,$145
Mercedes,Doors,$141,$320,$1321,$169
Tesla,Battery,$53,$158,$294,$150
Tesla,ECU,$83,$241,$1644,$283
BMW,Airbags,$50,$320,$338,$151
Mercedes,Transmission,$126,$204,$272,$136
Mercedes,Battery,$93,$200,$1265,$274
BMW,Steering Wheel,$137,$315,$1945,$217
Tesla,Transmission,$119,$314,$1664,$164
Tesla,Battery,$78,$288,$1106,$286
Tesla,Transmission,$109,$369,$678,$150
Mercedes,Steering Wheel,$109,$284,$440,$177
Mercedes,Brake Lines,$139,$330,$684,$230
Audi,Steering Wheel,$73,$331,$805,$177
VW,Transmission,$103,$375,$727,$263
Mercedes,Dashboard,$145,$205,$690,$187
BMW,Battery,$133,$201,$1546,$175
Tesla,Steering Wheel,$65,$188,$539,$264
Mercedes,Battery,$116,$245,$1179,$181
VW,Steering Wheel,$52,$346,$1172,$165
Audi,Suspension Components,$107,$395,$1075,$224
Mercedes,Radiator,$147,$228,$361,$295
VW,Battery,$71,$277,$861,$126
Mercedes,Battery,$54,$219,$900,$295
Tesla,Suspension Components,$126,$345,$1386,$140
VW,Brake Lines,$117,$221,$1328,$133
BMW,Steering Wheel,$149,$319,$1725,$203
BMW,Radiator,$100,$279,$1207,$226
BMW,Airbags,$111,$169,$519,$234
Mercedes,Steering Wheel,$72,$194,$1503,$138
VW,ECU,$73,$167,$1521,$250
Audi,Doors,$82,$153,$1560,$210
Audi,Brake Lines,$106,$167,$893,$256
BMW,Suspension Components,$99,$395,$1495,$154
Tesla,Suspension Components,$65,$341,$853,$234
Mercedes,ECU,$82,$179,$1993,$267
BMW,Steering Wheel,$128,$298,$1429,$296
VW,Airbags,$101,$154,$1912,$204
VW,ECU,$111,$253,$1423,$158
Audi,Transmission,$61,$297,$1726,$108
Audi,Suspension Components,$81,$359,$669,$152
Audi,Airbags,$126,$384,$456,$246
VW,Transmission,$82,$365,$2000,$195
VW,Transmission,$143,$340,$1469,$189
VW,Airbags,$77,$225,$667,$285
Audi,Battery,$63,$235,$1825,$223
Tesla,Dashboard,$148,$381,$1748,$182
Audi,Brake Lines,$108,$381,$1919,$218
BMW,Transmission,$91,$339,$1433,$211
BMW,Airbags,$90,$358,$710,$125
VW,Radiator,$90,$196,$519,$248
Mercedes,ECU,$116,$247,$532,$300
VW,Radiator,$70,$330,$982,$120
Mercedes,Battery,$102,$283,$1485,$143
VW,Doors,$105,$234,$617,$120
Audi,Radiator,$70,$165,$376,$137
Mercedes,Airbags,$79,$293,$701,$170
BMW,Transmission,$55,$253,$255,$130
Audi,Radiator,$92,$397,$1937,$146
Mercedes,Transmission,$75,$215,$1251,$107
Tesla,Airbags,$86,$328,$753,$194
Tesla,Battery,$150,$263,$618,$139
Audi,Battery,$87,$202,$821,$240
BMW,ECU,$105,$189,$920,$206
BMW,Airbags,$132,$371,$1552,$103
Mercedes,Doors,$83,$203,$1384,$134
Tesla,Airbags,$108,$189,$1640,$218
Tesla,Steering Wheel,$54,$239,$1193,$159
Tesla,Battery,$53,$158,$294,$150
Audi,Steering Wheel,$148,$185,$583,$200
Mercedes,Transmission,$118,$350,$1062,$145
Tesla,Battery,$66,$223,$1713,$130
Tesla,Doors,$95,$179,$300,$238
VW,Dashboard,$86,$266,$1250,$289
Tesla,Doors,$129,$358,$995,$110
Audi,Suspension Components,$98,$302,$1594,$228
BMW,Steering Wheel,$88,$219,$1091,$130
Tesla,Airbags,$141,$155,$490,$300
VW,Transmission,$138,$316,$1243,$217
BMW,Dashboard,$66,$377,$1339,$264
BMW,Steering Wheel,$53,$370,$992,$147
Audi,Battery,$55,$386,$1255,$145
VW,Radiator,$89,$394,$1456,$152
BMW,Battery,$106,$386,$659,$255
Tesla,Brake Lines,$141,$277,$1303,$180
BMW,Radiator,$106,$303,$1118,$217
Mercedes,Radiator,$108,$269,$1673,$178
BMW,Radiator,$60,$394,$1732,$294
Tesla,Dashboard,$121,$326,$1902,$102
VW,Battery,$150,$169,$584,$129
BMW,ECU,$140,$180,$250,$173
BMW,Dashboard,$127,$390,$607,$255
Audi,Transmission,$65,$319,$1948,$192
Tesla,Dashboard,$91,$179,$666,$293
VW,Battery,$135,$238,$1484,$191
Tesla,Radiator,$141,$268,$915,$217
Audi,Transmission,$102,$187,$1465,$165
Tesla,Suspension Components,$149,$209,$738,$184
Mercedes,Brake Lines,$146,$276,$493,$103
Audi,Dashboard,$56,$335,$1832,$252
Tesla,Battery,$117,$258,$785,$120
BMW,ECU,$123,$299,$892,$118
VW,Radiator,$149,$234,$261,$209
BMW,Transmission,$83,$262,$1266,$221
Audi,Transmission,$58,$247,$406,$290
Mercedes,Brake Lines,$64,$273,$1147,$156
BMW,Steering Wheel,$120,$320,$784,$168
Tesla,Suspension Components,$77,$319,$794,$242
Mercedes,Battery,$100,$249,$1928,$235
Audi,Doors,$150,$328,$1374,$298
Mercedes,Battery,$148,$282,$1190,$235
BMW,Steering Wheel,$86,$393,$1470,$160
Tesla,Suspension Components,$67,$274,$1637,$272
VW,Steering Wheel,$67,$300,$252,$187
BMW,ECU,$92,$155,$1372,$146
Tesla,Steering Wheel,$136,$329,$1510,$193
VW,Doors,$111,$382,$1627,$129
Mercedes,Airbags,$72,$322,$1618,$197
BMW,Airbags,$78,$177,$885,$160
Tesla,ECU,$73,$312,$1462,$243
BMW,Airbags,$129,$301,$1349,$270
VW,Brake Lines,$86,$344,$1040,$150
VW,Dashboard,$72,$203,$1459,$288
Audi,Suspension Components,$128,$356,$1311,$179
Tesla,Brake Lines,$122,$187,$1743,$137
Tesla,Battery,$53,$158,$294,$150
Mercedes,ECU,$64,$162,$886,$188
BMW,Brake Lines,$126,$206,$1759,$106
Audi,Battery,$139,$262,$582,$102
Audi,Radiator,$92,$319,$1128,$288
VW,Airbags,$100,$221,$1380,$175
Audi,Suspension Components,$74,$167,$1225,$247
VW,Airbags,$135,$226,$1544,$141
Tesla,Steering Wheel,$124,$221,$979,$130
Audi,Battery,$78,$315,$530,$269
VW,Doors,$63,$215,$1660,$188
Mercedes,Brake Lines,$57,$237,$203,$168
BMW,Doors,$139,$229,$1402,$218
BMW,Doors,$71,$311,$1972,$122
Audi,Brake Lines,$135,$302,$928,$164
